{"Fid":"eZvt8u6tQJKYv0M8gchLuS","Status":3,"AuthToken":"eyJhbGciOiJFUzI1NiIsInR5cCI6IkpXVCJ9.eyJhcHBJZCI6IjE6NDYxOTI0ODEyMzgyOmFuZHJvaWQ6MTE5ZDBmOTM1MTlmMzg0ZDI5MTZjZiIsImV4cCI6MTc3MTIyMzY5OCwiZmlkIjoiZVp2dDh1NnRRSktZdjBNOGdjaEx1UyIsInByb2plY3ROdW1iZXIiOjQ2MTkyNDgxMjM4Mn0.AB2LPV8wRAIgBcrF22f9qdKMw_RG6JSu70wZxJgJj9W6Dh4XU2yt8CsCIGUQy8W5OxcwhQpRftldBu7kNzX783oj7EnL96F1DUB1","RefreshToken":"3_AS3qfwLVH5rCrwxfHVL1Z3hXupFvO5EpsdSd-KP4BXs0TqcI-LPHEXAmn71jkPkMsUrjIOTIxSR_ilRhCJIxQCBlco6qiXM3EvcFyCx2DZs1_Q","TokenCreationEpochInSecs":1770618898,"ExpiresInSecs":604800}