<?xml version='1.0' encoding='utf-8' standalone='yes' ?>
<map>
    <string name="bnc_app_store_source">PlayStore</string>
    <string name="bnc_link_click_identifier">bnc_no_value</string>
    <string name="bnc_push_identifier">bnc_no_value</string>
    <string name="bnc_anon_id">b5dcaa6d-86ba-446e-92f9-ebf8a7902883</string>
    <string name="bnc_google_play_install_referrer_extras">utm_source=google-play&amp;utm_medium=organic</string>
    <string name="bnc_initial_referrer">android-app://com.vivo.appstore</string>
    <string name="bnc_app_link">bnc_no_value</string>
    <string name="bnc_randomly_generated_uuid">1173f1ca-a696-4a48-bc75-e30ff97cd190</string>
    <string name="bnc_link_click_id">bnc_no_value</string>
    <long name="bnc_install_begin_ts" value="1768311564" />
    <long name="bnc_last_known_update_time" value="1769152778053" />
    <string name="bnc_session_params">bnc_no_value</string>
    <long name="bnc_original_install_time" value="1769152778053" />
    <long name="bnc_previous_update_time" value="0" />
    <string name="bnc_branch_key">key_live_jugFa94MlBlqwVdT4ky0KcgoyylDC95F</string>
</map>
