<?xml version='1.0' encoding='utf-8' standalone='yes' ?>
<map>
    <string name="user_session">{&quot;session_id&quot;:&quot;49718b84-58cd-4a0a-a2c3-6ade823459ea&quot;,&quot;start_time&quot;:&quot;2026-01-23T07:19:43.544Z&quot;,&quot;last_interaction_time&quot;:1769152820063}</string>
    <int name="appVersion" value="34084001" />
    <long name="last_event_sync_time" value="1769152824810" />
    <long name="inapp_last_sync_time" value="1769152784" />
    <set name="sent_activity_list">
        <string>com.google.android.tv.ads.controls.FallbackImageActivity</string>
        <string>com.facebook.ads.AudienceNetworkActivity</string>
        <string>com.google.android.gms.common.api.GoogleApiActivity</string>
        <string>com.moengage.pushbase.activities.PushTracker</string>
        <string>in.juspay.hypernfc.NfcActivity</string>
        <string>com.moengage.pushbase.activities.PushClickDialogTracker</string>
        <string>com.android.billingclient.api.ProxyBillingActivity</string>
        <string>com.ht.ottplay.MainActivity</string>
        <string>com.moe.pushlibrary.activities.MoEActivity</string>
        <string>com.google.android.gms.auth.api.signin.internal.SignInHubActivity</string>
        <string>com.moengage.pushbase.internal.activity.PermissionActivity</string>
        <string>com.google.firebase.auth.internal.GenericIdpActivity</string>
        <string>com.proyecto26.inappbrowser.ChromeTabsManagerActivity</string>
        <string>com.google.firebase.auth.internal.RecaptchaActivity</string>
        <string>in.juspay.hypersdk.core.CustomtabResult</string>
        <string>in.juspay.hypersdkreact.ProcessActivity</string>
        <string>com.google.android.play.core.common.PlayCoreDialogWrapperActivity</string>
        <string>in.juspay.hypersdk.core.CustomtabActivity</string>
        <string>com.google.android.gms.ads.OutOfContextTestingActivity</string>
        <string>com.moengage.hms.pushkit.PushClickTracker</string>
        <string>com.yalantis.ucrop.UCropActivity</string>
        <string>com.google.android.gms.ads.AdActivity</string>
        <string>bin.mt.file.content.MTDataFilesWakeUpActivity</string>
    </set>
    <string name="registration_id">eqbCACIkS4C885UgHGuEc-:APA91bFCWCwuhu12Ya69xlbbesQp5rdmo7NQmYikwCXKrNAnoVEMr4pYbx7xjt7mrYKISwW5a17JL0tU168nJ-BtKNektkhFHf3-T99jJGkhnycifY38YJI</string>
    <boolean name="is_device_registered" value="true" />
    <boolean name="pref_installed" value="true" />
    <long name="last_config_sync_time" value="1769152784027" />
    <long name="inapp_api_sync_delay" value="900" />
    <long name="inapp_html_assets_delete_time" value="1769152783" />
    <boolean name="has_registered_for_verification" value="false" />
    <long name="in_app_global_delay" value="900" />
    <string name="APP_UUID">57c5ef05-897e-4855-8abb-4849365dcf0c</string>
    <string name="user_attribute_unique_id">1726981107133</string>
</map>
